skaluno;skinstrutor;skveiculo;skcalendario;dthrinicio;dthrfim;statusexame;skaluno_1;alunoid;alunonome;alunoemail;alunocelular;datanascimento;bairro;municipio;estado;logradouro;skinstrutor_2;instrutorid;instrutornome;instrutorsalario;skveiculo_3;veiculoid;veiculomodelo;veiculotipo;skcalendario_4;calendariodata;calendariodia;calendariomes;calendarioano;calendariotrimestre;calendarionomemes;calendarionomediasemana;calendariodiaano;calendariotipodia
f98ee1dc-22c5-4fb1-a67b-587452e0f5fd;131c8bf6-5e3a-46c9-b037-064698e83400;079171bf-ee0d-49bb-a3ff-01ea64472d17;66de92b6-2659-4610-b8f5-67bd8aec7c71;09/10/2025 10:00;09/10/2025 11:00;Reprovado;f98ee1dc-22c5-4fb1-a67b-587452e0f5fd;166;Fernanda Lima;fernanda.lima@example.com;21981231124;15/08/2005;Flamengo;Rio de Janeiro;RJ;Rua Senador Vergueiro;131c8bf6-5e3a-46c9-b037-064698e83400;7;Marcos Oliveira;3800;079171bf-ee0d-49bb-a3ff-01ea64472d17;6;Fiat Mobi 2023;B;66de92b6-2659-4610-b8f5-67bd8aec7c71;09/10/2025;9;10;2025;4;October  ;Thursday ;282;Dia de Semana
f150aa97-912b-40e5-bc1a-9f88d58c5697;131c8bf6-5e3a-46c9-b037-064698e83400;945cd02b-1278-4997-b753-d37dff8fe2cd;04919512-4f29-48d2-8295-1b9f72230776;23/10/2025 09:00;23/10/2025 10:00;Reprovado;f150aa97-912b-40e5-bc1a-9f88d58c5697;178;Isabela Freitas;isabela.f@example.com;21981231136;02/04/2005;Catete;Rio de Janeiro;RJ;Rua Andrade Pertence;131c8bf6-5e3a-46c9-b037-064698e83400;7;Marcos Oliveira;3800;945cd02b-1278-4997-b753-d37dff8fe2cd;2;Chevrolet Onix 2024;B;04919512-4f29-48d2-8295-1b9f72230776;23/10/2025;23;10;2025;4;October  ;Thursday ;296;Dia de Semana
d472b005-3a48-4614-9d26-65be1ec32eef;131c8bf6-5e3a-46c9-b037-064698e83400;9d4156e7-6324-45ab-ad55-e98f2c71e6fa;633104ab-b452-4002-82ba-fcaf970e50d0;25/10/2025 09:00;25/10/2025 10:00;Reprovado;d472b005-3a48-4614-9d26-65be1ec32eef;189;Klebber Toledo;k.toledo@example.com;21981231147;14/06/2004;Ipanema;Rio de Janeiro;RJ;Rua Prudente de Morais;131c8bf6-5e3a-46c9-b037-064698e83400;7;Marcos Oliveira;3800;9d4156e7-6324-45ab-ad55-e98f2c71e6fa;17;Renault Kwid 2024;B;633104ab-b452-4002-82ba-fcaf970e50d0;25/10/2025;25;10;2025;4;October  ;Saturday ;298;Fim de Semana
0e25bee1-5e2d-40bd-96f0-e87aeae321ee;131c8bf6-5e3a-46c9-b037-064698e83400;a589b5e8-5cbf-4164-8ca5-15a204873d5c;46c9625a-3b9c-4e3b-9d96-0c3134bd9696;22/09/2025 09:00;22/09/2025 10:00;Reprovado;0e25bee1-5e2d-40bd-96f0-e87aeae321ee;103;Isabella Ferreira;isabella.f@example.com;21987654321;10/01/2006;Copacabana;Rio de Janeiro;RJ;Rua Barata Ribeiro;131c8bf6-5e3a-46c9-b037-064698e83400;7;Marcos Oliveira;3800;a589b5e8-5cbf-4164-8ca5-15a204873d5c;1;Volkswagen Gol 2023;B;46c9625a-3b9c-4e3b-9d96-0c3134bd9696;22/09/2025;22;9;2025;3;September;Monday   ;265;Dia de Semana
f150aa97-912b-40e5-bc1a-9f88d58c5697;131c8bf6-5e3a-46c9-b037-064698e83400;945cd02b-1278-4997-b753-d37dff8fe2cd;4e3b3aae-e738-4439-a01e-ed19cd3c5e82;23/10/2025 09:00;23/10/2025 10:00;Reprovado;f150aa97-912b-40e5-bc1a-9f88d58c5697;178;Isabela Freitas;isabela.f@example.com;21981231136;02/04/2005;Catete;Rio de Janeiro;RJ;Rua Andrade Pertence;131c8bf6-5e3a-46c9-b037-064698e83400;7;Marcos Oliveira;3800;945cd02b-1278-4997-b753-d37dff8fe2cd;2;Chevrolet Onix 2024;B;4e3b3aae-e738-4439-a01e-ed19cd3c5e82;23/10/2025;23;10;2025;4;October  ;Thursday ;296;Dia de Semana
2f3cb6a6-efd4-4d81-88be-94b4a3da39f5;131c8bf6-5e3a-46c9-b037-064698e83400;a589b5e8-5cbf-4164-8ca5-15a204873d5c;64e06e90-44f2-4bdd-8067-ce7b0b492a31;15/09/2025 10:00;15/09/2025 11:00;Reprovado;2f3cb6a6-efd4-4d81-88be-94b4a3da39f5;101;Sofia Martins;sofia.martins@example.com;21988776655;15/04/2005;Laranjeiras;Rio de Janeiro;RJ;Rua das Laranjeiras;131c8bf6-5e3a-46c9-b037-064698e83400;7;Marcos Oliveira;3800;a589b5e8-5cbf-4164-8ca5-15a204873d5c;1;Volkswagen Gol 2023;B;64e06e90-44f2-4bdd-8067-ce7b0b492a31;15/09/2025;15;9;2025;3;September;Monday   ;258;Dia de Semana
b78dd85b-8625-483b-92e8-6c527f07ca17;131c8bf6-5e3a-46c9-b037-064698e83400;079171bf-ee0d-49bb-a3ff-01ea64472d17;cd96d9ce-6ad6-4447-84d0-a9317ad95d71;27/09/2025 10:00;27/09/2025 11:00;Reprovado;b78dd85b-8625-483b-92e8-6c527f07ca17;153;Gabriela Lima;gabriela.lima@example.com;21981231111;10/10/2005;Tijuca;Rio de Janeiro;RJ;Rua Conde de Bonfim;131c8bf6-5e3a-46c9-b037-064698e83400;7;Marcos Oliveira;3800;079171bf-ee0d-49bb-a3ff-01ea64472d17;6;Fiat Mobi 2023;B;cd96d9ce-6ad6-4447-84d0-a9317ad95d71;27/09/2025;27;9;2025;3;September;Saturday ;270;Fim de Semana
a273f9cc-9c1f-4253-b2d0-a56a1fca782a;131c8bf6-5e3a-46c9-b037-064698e83400;0122d6f2-5fd3-4436-a15e-68d5fe8e4d0f;a6d59e37-b233-498a-ab03-c5e7cd069283;20/10/2025 09:00;20/10/2025 10:00;Reprovado;a273f9cc-9c1f-4253-b2d0-a56a1fca782a;167;Gustavo Gomes;gustavo.gomes@example.com;21981231125;28/11/2004;Botafogo;Rio de Janeiro;RJ;Rua Barão de Itambi;131c8bf6-5e3a-46c9-b037-064698e83400;7;Marcos Oliveira;3800;0122d6f2-5fd3-4436-a15e-68d5fe8e4d0f;13;Chevrolet Onix 2023 (Branco);B;a6d59e37-b233-498a-ab03-c5e7cd069283;20/10/2025;20;10;2025;4;October  ;Monday   ;293;Dia de Semana
a273f9cc-9c1f-4253-b2d0-a56a1fca782a;131c8bf6-5e3a-46c9-b037-064698e83400;0122d6f2-5fd3-4436-a15e-68d5fe8e4d0f;d3f5a69c-ba7b-4132-bdfd-ae3220d71069;20/10/2025 09:00;20/10/2025 10:00;Aprovado;a273f9cc-9c1f-4253-b2d0-a56a1fca782a;167;Gustavo Gomes;gustavo.gomes@example.com;21981231125;28/11/2004;Botafogo;Rio de Janeiro;RJ;Rua Barão de Itambi;131c8bf6-5e3a-46c9-b037-064698e83400;7;Marcos Oliveira;3800;0122d6f2-5fd3-4436-a15e-68d5fe8e4d0f;13;Chevrolet Onix 2023 (Branco);B;d3f5a69c-ba7b-4132-bdfd-ae3220d71069;20/10/2025;20;10;2025;4;October  ;Monday   ;293;Dia de Semana
d472b005-3a48-4614-9d26-65be1ec32eef;131c8bf6-5e3a-46c9-b037-064698e83400;9d4156e7-6324-45ab-ad55-e98f2c71e6fa;c985ef29-cfb2-44e9-86a5-09c62ddc4567;25/10/2025 09:00;25/10/2025 10:00;Reprovado;d472b005-3a48-4614-9d26-65be1ec32eef;189;Klebber Toledo;k.toledo@example.com;21981231147;14/06/2004;Ipanema;Rio de Janeiro;RJ;Rua Prudente de Morais;131c8bf6-5e3a-46c9-b037-064698e83400;7;Marcos Oliveira;3800;9d4156e7-6324-45ab-ad55-e98f2c71e6fa;17;Renault Kwid 2024;B;c985ef29-cfb2-44e9-86a5-09c62ddc4567;25/10/2025;25;10;2025;4;October  ;Saturday ;298;Fim de Semana
9084f8e2-081c-4244-9b11-4e8862fd55b5;131c8bf6-5e3a-46c9-b037-064698e83400;a589b5e8-5cbf-4164-8ca5-15a204873d5c;612adba8-6f81-4881-896a-2a03a2323255;28/09/2025 09:00;28/09/2025 10:00;Reprovado;9084f8e2-081c-4244-9b11-4e8862fd55b5;151;José Guedes Gasparelo;hallowring@fromsoftware.com;21976541299;05/11/2003;Laranjeiras;Rio de Janeiro;RJ;Rua das Laranjeiras;131c8bf6-5e3a-46c9-b037-064698e83400;7;Marcos Oliveira;3800;a589b5e8-5cbf-4164-8ca5-15a204873d5c;1;Volkswagen Gol 2023;B;612adba8-6f81-4881-896a-2a03a2323255;28/09/2025;28;9;2025;3;September;Sunday   ;271;Fim de Semana
ac9f421c-10d7-40ee-9df6-63040ae019e1;9e542ef2-5b34-41de-9f61-00b0b9ffb4b0;b4b01b0c-9b84-4246-a0d2-6ca95c02787a;d3f5a69c-ba7b-4132-bdfd-ae3220d71069;20/10/2025 10:00;20/10/2025 11:00;Reprovado;ac9f421c-10d7-40ee-9df6-63040ae019e1;169;Rodrigo Barros;rodrigo.barros@example.com;21981231127;05/06/2006;Botafogo;Rio de Janeiro;RJ;Rua Muniz Barreto;9e542ef2-5b34-41de-9f61-00b0b9ffb4b0;8;Juliana Santos;3800;b4b01b0c-9b84-4246-a0d2-6ca95c02787a;14;Volkswagen Gol 2022 (Prata);B;d3f5a69c-ba7b-4132-bdfd-ae3220d71069;20/10/2025;20;10;2025;4;October  ;Monday   ;293;Dia de Semana
ac9f421c-10d7-40ee-9df6-63040ae019e1;9e542ef2-5b34-41de-9f61-00b0b9ffb4b0;b4b01b0c-9b84-4246-a0d2-6ca95c02787a;a6d59e37-b233-498a-ab03-c5e7cd069283;20/10/2025 10:00;20/10/2025 11:00;Aprovado;ac9f421c-10d7-40ee-9df6-63040ae019e1;169;Rodrigo Barros;rodrigo.barros@example.com;21981231127;05/06/2006;Botafogo;Rio de Janeiro;RJ;Rua Muniz Barreto;9e542ef2-5b34-41de-9f61-00b0b9ffb4b0;8;Juliana Santos;3800;b4b01b0c-9b84-4246-a0d2-6ca95c02787a;14;Volkswagen Gol 2022 (Prata);B;a6d59e37-b233-498a-ab03-c5e7cd069283;20/10/2025;20;10;2025;4;October  ;Monday   ;293;Dia de Semana
ca145559-0c1d-4e15-a62d-50ea230e0361;9e542ef2-5b34-41de-9f61-00b0b9ffb4b0;a589b5e8-5cbf-4164-8ca5-15a204873d5c;633104ab-b452-4002-82ba-fcaf970e50d0;25/10/2025 10:00;25/10/2025 11:00;Reprovado;ca145559-0c1d-4e15-a62d-50ea230e0361;190;Lázaro Ramos;lazaro.r@example.com;21981231148;01/11/2003;Ipanema;Rio de Janeiro;RJ;Rua Vinícius de Moraes;9e542ef2-5b34-41de-9f61-00b0b9ffb4b0;8;Juliana Santos;3800;a589b5e8-5cbf-4164-8ca5-15a204873d5c;1;Volkswagen Gol 2023;B;633104ab-b452-4002-82ba-fcaf970e50d0;25/10/2025;25;10;2025;4;October  ;Saturday ;298;Fim de Semana
ca145559-0c1d-4e15-a62d-50ea230e0361;9e542ef2-5b34-41de-9f61-00b0b9ffb4b0;a589b5e8-5cbf-4164-8ca5-15a204873d5c;c985ef29-cfb2-44e9-86a5-09c62ddc4567;25/10/2025 10:00;25/10/2025 11:00;Reprovado;ca145559-0c1d-4e15-a62d-50ea230e0361;190;Lázaro Ramos;lazaro.r@example.com;21981231148;01/11/2003;Ipanema;Rio de Janeiro;RJ;Rua Vinícius de Moraes;9e542ef2-5b34-41de-9f61-00b0b9ffb4b0;8;Juliana Santos;3800;a589b5e8-5cbf-4164-8ca5-15a204873d5c;1;Volkswagen Gol 2023;B;c985ef29-cfb2-44e9-86a5-09c62ddc4567;25/10/2025;25;10;2025;4;October  ;Saturday ;298;Fim de Semana
d280cdad-01b6-4010-aa08-90275be80746;9e542ef2-5b34-41de-9f61-00b0b9ffb4b0;079171bf-ee0d-49bb-a3ff-01ea64472d17;4e3b3aae-e738-4439-a01e-ed19cd3c5e82;23/10/2025 10:00;23/10/2025 11:00;Reprovado;d280cdad-01b6-4010-aa08-90275be80746;182;Débora Secco;debora.s@example.com;21981231140;26/11/2004;Laranjeiras;Rio de Janeiro;RJ;Rua Ipiranga;9e542ef2-5b34-41de-9f61-00b0b9ffb4b0;8;Juliana Santos;3800;079171bf-ee0d-49bb-a3ff-01ea64472d17;6;Fiat Mobi 2023;B;4e3b3aae-e738-4439-a01e-ed19cd3c5e82;23/10/2025;23;10;2025;4;October  ;Thursday ;296;Dia de Semana
a98a8682-7543-4299-86ac-5f0ee183f584;9e542ef2-5b34-41de-9f61-00b0b9ffb4b0;a421806f-a38c-4859-bc26-d8f6d75444d6;cd96d9ce-6ad6-4447-84d0-a9317ad95d71;27/09/2025 11:00;27/09/2025 12:00;Aprovado;a98a8682-7543-4299-86ac-5f0ee183f584;155;Larissa Moreira;larissa.m@example.com;21981231113;01/07/2006;Flamengo;Rio de Janeiro;RJ;Rua Marquês de Abrantes;9e542ef2-5b34-41de-9f61-00b0b9ffb4b0;8;Juliana Santos;3800;a421806f-a38c-4859-bc26-d8f6d75444d6;7;Hyundai HB20 2024;B;cd96d9ce-6ad6-4447-84d0-a9317ad95d71;27/09/2025;27;9;2025;3;September;Saturday ;270;Fim de Semana
623c370b-62bd-4879-827d-20492c48ba2e;9e542ef2-5b34-41de-9f61-00b0b9ffb4b0;a421806f-a38c-4859-bc26-d8f6d75444d6;5a662669-150d-4dbf-a2f7-f75d499b5d72;10/10/2025 09:00;10/10/2025 10:00;Reprovado;623c370b-62bd-4879-827d-20492c48ba2e;170;Amanda Ribeiro;amanda.r@example.com;21981231128;11/09/2005;Glória;Rio de Janeiro;RJ;Avenida Infante Dom Henrique;9e542ef2-5b34-41de-9f61-00b0b9ffb4b0;8;Juliana Santos;3800;a421806f-a38c-4859-bc26-d8f6d75444d6;7;Hyundai HB20 2024;B;5a662669-150d-4dbf-a2f7-f75d499b5d72;10/10/2025;10;10;2025;4;October  ;Friday   ;283;Dia de Semana
d280cdad-01b6-4010-aa08-90275be80746;9e542ef2-5b34-41de-9f61-00b0b9ffb4b0;079171bf-ee0d-49bb-a3ff-01ea64472d17;04919512-4f29-48d2-8295-1b9f72230776;23/10/2025 10:00;23/10/2025 11:00;Aprovado;d280cdad-01b6-4010-aa08-90275be80746;182;Débora Secco;debora.s@example.com;21981231140;26/11/2004;Laranjeiras;Rio de Janeiro;RJ;Rua Ipiranga;9e542ef2-5b34-41de-9f61-00b0b9ffb4b0;8;Juliana Santos;3800;079171bf-ee0d-49bb-a3ff-01ea64472d17;6;Fiat Mobi 2023;B;04919512-4f29-48d2-8295-1b9f72230776;23/10/2025;23;10;2025;4;October  ;Thursday ;296;Dia de Semana
6cb69ee7-5cc0-4c28-b608-fb8ac9f6ab92;9e542ef2-5b34-41de-9f61-00b0b9ffb4b0;945cd02b-1278-4997-b753-d37dff8fe2cd;e9296a1a-e066-474e-b308-82a346e7f60e;16/09/2025 14:00;16/09/2025 15:00;Reprovado;6cb69ee7-5cc0-4c28-b608-fb8ac9f6ab92;102;Lucas Pereira;lucas.pereira@example.com;21999887766;22/08/2004;Copacabana;Rio de Janeiro;RJ;Avenida Atlântica;9e542ef2-5b34-41de-9f61-00b0b9ffb4b0;8;Juliana Santos;3800;945cd02b-1278-4997-b753-d37dff8fe2cd;2;Chevrolet Onix 2024;B;e9296a1a-e066-474e-b308-82a346e7f60e;16/09/2025;16;9;2025;3;September;Tuesday  ;259;Dia de Semana
fd691441-8cb8-44db-bbf7-c36a482057f2;9e542ef2-5b34-41de-9f61-00b0b9ffb4b0;ae9eeb1a-834b-49f6-86e3-ee1cdf214bf1;187c183e-cced-4977-b8bc-77919330d881;24/09/2025 10:00;24/09/2025 11:00;Reprovado;fd691441-8cb8-44db-bbf7-c36a482057f2;147;Luciano Castro;l.castro@email.com;21997898899;04/04/2004;Quintino Bocaiuva;Rio de Janeiro;RJ;Rua Cupertino;9e542ef2-5b34-41de-9f61-00b0b9ffb4b0;8;Juliana Santos;3800;ae9eeb1a-834b-49f6-86e3-ee1cdf214bf1;3;Honda CG 160;A;187c183e-cced-4977-b8bc-77919330d881;24/09/2025;24;9;2025;3;September;Wednesday;267;Dia de Semana
c08c6eb9-311e-4f9a-9111-2deaa6c2da87;16275896-c0f1-4351-8b44-19f276a6b20d;ef390f9e-a9d0-4f9c-b313-f597f441fc9f;78865f98-4e2c-45a6-8461-a47dfc522419;21/10/2025 09:00;21/10/2025 10:00;Reprovado;c08c6eb9-311e-4f9a-9111-2deaa6c2da87;172;Bianca Castro;bianca.castro@example.com;21981231130;22/04/2003;Glória;Rio de Janeiro;RJ;Ladeira da Glória;16275896-c0f1-4351-8b44-19f276a6b20d;11;Roberto Carlos Braga;3800;ef390f9e-a9d0-4f9c-b313-f597f441fc9f;16;Fiat Uno 2022;B;78865f98-4e2c-45a6-8461-a47dfc522419;21/10/2025;21;10;2025;4;October  ;Tuesday  ;294;Dia de Semana
c49663e7-5252-4610-a8b5-95cff55fee96;16275896-c0f1-4351-8b44-19f276a6b20d;a421806f-a38c-4859-bc26-d8f6d75444d6;d76c316d-2b9b-4caf-b23a-6b1ead203aa4;24/10/2025 09:00;24/10/2025 10:00;Reprovado;c49663e7-5252-4610-a8b5-95cff55fee96;183;Elias Ricardo;elias.r@example.com;21981231141;19/07/2005;Laranjeiras;Rio de Janeiro;RJ;Rua Gago Coutinho;16275896-c0f1-4351-8b44-19f276a6b20d;11;Roberto Carlos Braga;3800;a421806f-a38c-4859-bc26-d8f6d75444d6;7;Hyundai HB20 2024;B;d76c316d-2b9b-4caf-b23a-6b1ead203aa4;24/10/2025;24;10;2025;4;October  ;Friday   ;297;Dia de Semana
f45d95b4-4ca7-4404-9074-9d44b561ca51;16275896-c0f1-4351-8b44-19f276a6b20d;a589b5e8-5cbf-4164-8ca5-15a204873d5c;f21b2bef-2a8c-427f-8644-3c3ebe89711e;03/10/2025 09:00;03/10/2025 10:00;Aprovado;f45d95b4-4ca7-4404-9074-9d44b561ca51;162;Daniel Oliveira;daniel.o@example.com;21981231120;29/06/2005;Laranjeiras;Rio de Janeiro;RJ;Rua Paissandu;16275896-c0f1-4351-8b44-19f276a6b20d;11;Roberto Carlos Braga;3800;a589b5e8-5cbf-4164-8ca5-15a204873d5c;1;Volkswagen Gol 2023;B;f21b2bef-2a8c-427f-8644-3c3ebe89711e;03/10/2025;3;10;2025;4;October  ;Friday   ;276;Dia de Semana
bfe2d849-72b8-42fa-a0a4-d7e351b527eb;16275896-c0f1-4351-8b44-19f276a6b20d;945cd02b-1278-4997-b753-d37dff8fe2cd;2abbdcbf-a4c1-494a-9d19-3987cd33f083;27/10/2025 09:00;27/10/2025 10:00;Reprovado;bfe2d849-72b8-42fa-a0a4-d7e351b527eb;191;Maitê Proença;maite.p@example.com;21981231149;28/01/2002;Ipanema;Rio de Janeiro;RJ;Rua Joana Angélica;16275896-c0f1-4351-8b44-19f276a6b20d;11;Roberto Carlos Braga;3800;945cd02b-1278-4997-b753-d37dff8fe2cd;2;Chevrolet Onix 2024;B;2abbdcbf-a4c1-494a-9d19-3987cd33f083;27/10/2025;27;10;2025;4;October  ;Monday   ;300;Dia de Semana
c49663e7-5252-4610-a8b5-95cff55fee96;16275896-c0f1-4351-8b44-19f276a6b20d;a421806f-a38c-4859-bc26-d8f6d75444d6;ed0c1478-7f18-48b1-bd17-82c5553f1cf0;24/10/2025 09:00;24/10/2025 10:00;Reprovado;c49663e7-5252-4610-a8b5-95cff55fee96;183;Elias Ricardo;elias.r@example.com;21981231141;19/07/2005;Laranjeiras;Rio de Janeiro;RJ;Rua Gago Coutinho;16275896-c0f1-4351-8b44-19f276a6b20d;11;Roberto Carlos Braga;3800;a421806f-a38c-4859-bc26-d8f6d75444d6;7;Hyundai HB20 2024;B;ed0c1478-7f18-48b1-bd17-82c5553f1cf0;24/10/2025;24;10;2025;4;October  ;Friday   ;297;Dia de Semana
c08c6eb9-311e-4f9a-9111-2deaa6c2da87;16275896-c0f1-4351-8b44-19f276a6b20d;ef390f9e-a9d0-4f9c-b313-f597f441fc9f;87964be6-1764-4523-814d-6aa5cc977d9c;21/10/2025 09:00;21/10/2025 10:00;Reprovado;c08c6eb9-311e-4f9a-9111-2deaa6c2da87;172;Bianca Castro;bianca.castro@example.com;21981231130;22/04/2003;Glória;Rio de Janeiro;RJ;Ladeira da Glória;16275896-c0f1-4351-8b44-19f276a6b20d;11;Roberto Carlos Braga;3800;ef390f9e-a9d0-4f9c-b313-f597f441fc9f;16;Fiat Uno 2022;B;87964be6-1764-4523-814d-6aa5cc977d9c;21/10/2025;21;10;2025;4;October  ;Tuesday  ;294;Dia de Semana
98ea0730-0ab3-4ff4-967d-381786f12108;16275896-c0f1-4351-8b44-19f276a6b20d;b4b01b0c-9b84-4246-a0d2-6ca95c02787a;f79f3006-3273-4ec9-a196-a59d26c317f7;01/10/2025 10:00;01/10/2025 11:00;Aprovado;98ea0730-0ab3-4ff4-967d-381786f12108;160;Thiago Almeida;thiago.almeida@example.com;21981231118;03/08/2003;Flamengo;Rio de Janeiro;RJ;Avenida Osvaldo Cruz;16275896-c0f1-4351-8b44-19f276a6b20d;11;Roberto Carlos Braga;3800;b4b01b0c-9b84-4246-a0d2-6ca95c02787a;14;Volkswagen Gol 2022 (Prata);B;f79f3006-3273-4ec9-a196-a59d26c317f7;01/10/2025;1;10;2025;4;October  ;Wednesday;274;Dia de Semana
bfe2d849-72b8-42fa-a0a4-d7e351b527eb;16275896-c0f1-4351-8b44-19f276a6b20d;945cd02b-1278-4997-b753-d37dff8fe2cd;3ad0270a-5362-4b2c-bd8f-209c47b63fc2;27/10/2025 09:00;27/10/2025 10:00;Reprovado;bfe2d849-72b8-42fa-a0a4-d7e351b527eb;191;Maitê Proença;maite.p@example.com;21981231149;28/01/2002;Ipanema;Rio de Janeiro;RJ;Rua Joana Angélica;16275896-c0f1-4351-8b44-19f276a6b20d;11;Roberto Carlos Braga;3800;945cd02b-1278-4997-b753-d37dff8fe2cd;2;Chevrolet Onix 2024;B;3ad0270a-5362-4b2c-bd8f-209c47b63fc2;27/10/2025;27;10;2025;4;October  ;Monday   ;300;Dia de Semana
c49663e7-5252-4610-a8b5-95cff55fee96;16275896-c0f1-4351-8b44-19f276a6b20d;a421806f-a38c-4859-bc26-d8f6d75444d6;0fe0d0e2-9f2d-49f3-af47-a4b29f764ff1;24/10/2025 09:00;24/10/2025 10:00;Reprovado;c49663e7-5252-4610-a8b5-95cff55fee96;183;Elias Ricardo;elias.r@example.com;21981231141;19/07/2005;Laranjeiras;Rio de Janeiro;RJ;Rua Gago Coutinho;16275896-c0f1-4351-8b44-19f276a6b20d;11;Roberto Carlos Braga;3800;a421806f-a38c-4859-bc26-d8f6d75444d6;7;Hyundai HB20 2024;B;0fe0d0e2-9f2d-49f3-af47-a4b29f764ff1;24/10/2025;24;10;2025;4;October  ;Friday   ;297;Dia de Semana
430becfa-27c4-4fd3-bb2e-15c2d45f8873;e2819307-318d-4d39-948e-f57a0f979747;0122d6f2-5fd3-4436-a15e-68d5fe8e4d0f;ed0c1478-7f18-48b1-bd17-82c5553f1cf0;24/10/2025 09:00;24/10/2025 10:00;Reprovado;430becfa-27c4-4fd3-bb2e-15c2d45f8873;185;Gabriel Jesus;g.jesus@example.com;21981231143;03/04/2002;Laranjeiras;Rio de Janeiro;RJ;Rua Alice;e2819307-318d-4d39-948e-f57a0f979747;12;Ana Paula Silva;3800;0122d6f2-5fd3-4436-a15e-68d5fe8e4d0f;13;Chevrolet Onix 2023 (Branco);B;ed0c1478-7f18-48b1-bd17-82c5553f1cf0;24/10/2025;24;10;2025;4;October  ;Friday   ;297;Dia de Semana
52f3b867-cad9-4a35-b4fb-424254fbf30b;e2819307-318d-4d39-948e-f57a0f979747;554c3698-5c63-46d0-a89f-a5585641f4be;0bc3a968-9c4e-433e-8200-ce02743dfced;29/09/2025 14:00;29/09/2025 15:00;Reprovado;52f3b867-cad9-4a35-b4fb-424254fbf30b;156;Matheus Costa;matheus.costa@example.com;21981231114;20/09/2003;Botafogo;Rio de Janeiro;RJ;Rua da Passagem;e2819307-318d-4d39-948e-f57a0f979747;12;Ana Paula Silva;3800;554c3698-5c63-46d0-a89f-a5585641f4be;8;Yamaha Fazer 250;A;0bc3a968-9c4e-433e-8200-ce02743dfced;29/09/2025;29;9;2025;3;September;Monday   ;272;Dia de Semana
43382b3c-c67e-468f-8560-01832286e2f2;e2819307-318d-4d39-948e-f57a0f979747;945cd02b-1278-4997-b753-d37dff8fe2cd;200f774a-0123-4e19-998e-e0527da04cd0;04/10/2025 09:00;04/10/2025 10:00;Reprovado;43382b3c-c67e-468f-8560-01832286e2f2;164;Leonardo Souza;leo.souza@example.com;21981231122;19/12/2003;Laranjeiras;Rio de Janeiro;RJ;Rua Pinheiro Machado;e2819307-318d-4d39-948e-f57a0f979747;12;Ana Paula Silva;3800;945cd02b-1278-4997-b753-d37dff8fe2cd;2;Chevrolet Onix 2024;B;200f774a-0123-4e19-998e-e0527da04cd0;04/10/2025;4;10;2025;4;October  ;Saturday ;277;Fim de Semana
c65bc819-ed1a-48cd-885e-34db67495232;e2819307-318d-4d39-948e-f57a0f979747;9d4156e7-6324-45ab-ad55-e98f2c71e6fa;87964be6-1764-4523-814d-6aa5cc977d9c;21/10/2025 10:00;21/10/2025 11:00;Aprovado;c65bc819-ed1a-48cd-885e-34db67495232;173;Felipe Melo;felipe.melo@example.com;21981231131;16/07/2002;Glória;Rio de Janeiro;RJ;Rua Taylor;e2819307-318d-4d39-948e-f57a0f979747;12;Ana Paula Silva;3800;9d4156e7-6324-45ab-ad55-e98f2c71e6fa;17;Renault Kwid 2024;B;87964be6-1764-4523-814d-6aa5cc977d9c;21/10/2025;21;10;2025;4;October  ;Tuesday  ;294;Dia de Semana
c65bc819-ed1a-48cd-885e-34db67495232;e2819307-318d-4d39-948e-f57a0f979747;9d4156e7-6324-45ab-ad55-e98f2c71e6fa;78865f98-4e2c-45a6-8461-a47dfc522419;21/10/2025 10:00;21/10/2025 11:00;Aprovado;c65bc819-ed1a-48cd-885e-34db67495232;173;Felipe Melo;felipe.melo@example.com;21981231131;16/07/2002;Glória;Rio de Janeiro;RJ;Rua Taylor;e2819307-318d-4d39-948e-f57a0f979747;12;Ana Paula Silva;3800;9d4156e7-6324-45ab-ad55-e98f2c71e6fa;17;Renault Kwid 2024;B;78865f98-4e2c-45a6-8461-a47dfc522419;21/10/2025;21;10;2025;4;October  ;Tuesday  ;294;Dia de Semana
430becfa-27c4-4fd3-bb2e-15c2d45f8873;e2819307-318d-4d39-948e-f57a0f979747;0122d6f2-5fd3-4436-a15e-68d5fe8e4d0f;d76c316d-2b9b-4caf-b23a-6b1ead203aa4;24/10/2025 09:00;24/10/2025 10:00;Reprovado;430becfa-27c4-4fd3-bb2e-15c2d45f8873;185;Gabriel Jesus;g.jesus@example.com;21981231143;03/04/2002;Laranjeiras;Rio de Janeiro;RJ;Rua Alice;e2819307-318d-4d39-948e-f57a0f979747;12;Ana Paula Silva;3800;0122d6f2-5fd3-4436-a15e-68d5fe8e4d0f;13;Chevrolet Onix 2023 (Branco);B;d76c316d-2b9b-4caf-b23a-6b1ead203aa4;24/10/2025;24;10;2025;4;October  ;Friday   ;297;Dia de Semana
430becfa-27c4-4fd3-bb2e-15c2d45f8873;e2819307-318d-4d39-948e-f57a0f979747;0122d6f2-5fd3-4436-a15e-68d5fe8e4d0f;0fe0d0e2-9f2d-49f3-af47-a4b29f764ff1;24/10/2025 09:00;24/10/2025 10:00;Reprovado;430becfa-27c4-4fd3-bb2e-15c2d45f8873;185;Gabriel Jesus;g.jesus@example.com;21981231143;03/04/2002;Laranjeiras;Rio de Janeiro;RJ;Rua Alice;e2819307-318d-4d39-948e-f57a0f979747;12;Ana Paula Silva;3800;0122d6f2-5fd3-4436-a15e-68d5fe8e4d0f;13;Chevrolet Onix 2023 (Branco);B;0fe0d0e2-9f2d-49f3-af47-a4b29f764ff1;24/10/2025;24;10;2025;4;October  ;Friday   ;297;Dia de Semana
0cff73a7-b31b-4b96-874c-81007143d0ba;e2819307-318d-4d39-948e-f57a0f979747;d8ac0d6c-daae-4e63-aa86-341e44f5ff4a;2abbdcbf-a4c1-494a-9d19-3987cd33f083;27/10/2025 10:00;27/10/2025 11:00;Reprovado;0cff73a7-b31b-4b96-874c-81007143d0ba;193;Otávio Augusto;otavio.a@example.com;21981231151;30/01/2005;Ipanema;Rio de Janeiro;RJ;Rua Barão da Torre;e2819307-318d-4d39-948e-f57a0f979747;12;Ana Paula Silva;3800;d8ac0d6c-daae-4e63-aa86-341e44f5ff4a;9;Honda PCX 150 (Scooter);A;2abbdcbf-a4c1-494a-9d19-3987cd33f083;27/10/2025;27;10;2025;4;October  ;Monday   ;300;Dia de Semana
0cff73a7-b31b-4b96-874c-81007143d0ba;e2819307-318d-4d39-948e-f57a0f979747;d8ac0d6c-daae-4e63-aa86-341e44f5ff4a;3ad0270a-5362-4b2c-bd8f-209c47b63fc2;27/10/2025 10:00;27/10/2025 11:00;Reprovado;0cff73a7-b31b-4b96-874c-81007143d0ba;193;Otávio Augusto;otavio.a@example.com;21981231151;30/01/2005;Ipanema;Rio de Janeiro;RJ;Rua Barão da Torre;e2819307-318d-4d39-948e-f57a0f979747;12;Ana Paula Silva;3800;d8ac0d6c-daae-4e63-aa86-341e44f5ff4a;9;Honda PCX 150 (Scooter);A;3ad0270a-5362-4b2c-bd8f-209c47b63fc2;27/10/2025;27;10;2025;4;October  ;Monday   ;300;Dia de Semana
7941ad53-33ca-46a3-af79-a016dbfa30c0;8d771ced-e5e4-4c31-904d-4cd1b284b351;bd10d73e-d6bd-48c9-b6e8-0670e3828226;32948966-17d7-4742-a3ff-66982e40f729;11/10/2025 09:00;11/10/2025 11:00;Reprovado;7941ad53-33ca-46a3-af79-a016dbfa30c0;179;David Luiz Moreira;david.luiz@example.com;21981231137;22/05/1999;Flamengo;Rio de Janeiro;RJ;Rua Dois de Dezembro;8d771ced-e5e4-4c31-904d-4cd1b284b351;13;Bruno Martins;4200;bd10d73e-d6bd-48c9-b6e8-0670e3828226;12;Marcopolo Torino (Ônibus);D;32948966-17d7-4742-a3ff-66982e40f729;11/10/2025;11;10;2025;4;October  ;Saturday ;284;Fim de Semana
524de229-78c3-4379-8dec-28271d8c6903;8d771ced-e5e4-4c31-904d-4cd1b284b351;a0f531d3-a6c1-404b-ae09-fa51d797e4f1;c485616f-5c0c-4df9-80a0-5206513d70c0;30/09/2025 11:00;30/09/2025 12:00;Aprovado;524de229-78c3-4379-8dec-28271d8c6903;180;Aline Barros;aline.barros@example.com;21981231138;07/10/2001;Catete;Rio de Janeiro;RJ;Rua Silveira Martins;8d771ced-e5e4-4c31-904d-4cd1b284b351;13;Bruno Martins;4200;a0f531d3-a6c1-404b-ae09-fa51d797e4f1;4;Mercedes-Benz Accelo;C;c485616f-5c0c-4df9-80a0-5206513d70c0;30/09/2025;30;9;2025;3;September;Tuesday  ;273;Dia de Semana
7941ad53-33ca-46a3-af79-a016dbfa30c0;8d771ced-e5e4-4c31-904d-4cd1b284b351;464921aa-0165-4ba3-bc33-f099799983ef;c485616f-5c0c-4df9-80a0-5206513d70c0;30/09/2025 10:00;30/09/2025 11:00;Reprovado;7941ad53-33ca-46a3-af79-a016dbfa30c0;179;David Luiz Moreira;david.luiz@example.com;21981231137;22/05/1999;Flamengo;Rio de Janeiro;RJ;Rua Dois de Dezembro;8d771ced-e5e4-4c31-904d-4cd1b284b351;13;Bruno Martins;4200;464921aa-0165-4ba3-bc33-f099799983ef;5;Volkswagen 15.190;D;c485616f-5c0c-4df9-80a0-5206513d70c0;30/09/2025;30;9;2025;3;September;Tuesday  ;273;Dia de Semana
524de229-78c3-4379-8dec-28271d8c6903;8d771ced-e5e4-4c31-904d-4cd1b284b351;cf8fb307-cead-4e94-af56-3f1fdb753323;32948966-17d7-4742-a3ff-66982e40f729;11/10/2025 09:00;11/10/2025 11:00;Aprovado;524de229-78c3-4379-8dec-28271d8c6903;180;Aline Barros;aline.barros@example.com;21981231138;07/10/2001;Catete;Rio de Janeiro;RJ;Rua Silveira Martins;8d771ced-e5e4-4c31-904d-4cd1b284b351;13;Bruno Martins;4200;cf8fb307-cead-4e94-af56-3f1fdb753323;10;Volvo VM 270;C;32948966-17d7-4742-a3ff-66982e40f729;11/10/2025;11;10;2025;4;October  ;Saturday ;284;Fim de Semana
b70c30c8-ed39-47c0-b98c-e7baecd3c2dd;8d771ced-e5e4-4c31-904d-4cd1b284b351;bd10d73e-d6bd-48c9-b6e8-0670e3828226;760d4946-1d8b-44bc-a73a-28feb8300e0b;23/09/2025 14:00;23/09/2025 15:00;Reprovado;b70c30c8-ed39-47c0-b98c-e7baecd3c2dd;115;Helena Melo;helena.melo@example.com;21985556677;03/09/2005;Tijuca;Rio de Janeiro;RJ;Rua São Francisco Xavier;8d771ced-e5e4-4c31-904d-4cd1b284b351;13;Bruno Martins;4200;bd10d73e-d6bd-48c9-b6e8-0670e3828226;12;Marcopolo Torino (Ônibus);D;760d4946-1d8b-44bc-a73a-28feb8300e0b;23/09/2025;23;9;2025;3;September;Tuesday  ;266;Dia de Semana
5e78263a-9672-43cb-b571-21b049245b78;1bd49d4e-87dc-4aa3-b8ca-7a3ee27d96a9;a128c61b-dcf9-4dd7-9505-53d32396646f;33491aba-1551-4436-bb76-1d93d28af95a;13/10/2025 08:00;13/10/2025 11:00;Reprovado;5e78263a-9672-43cb-b571-21b049245b78;197;Tarcísio Meira;tarcisio.m@example.com;21981231155;05/10/2001;Lagoa;Rio de Janeiro;RJ;Avenida Epitácio Pessoa;1bd49d4e-87dc-4aa3-b8ca-7a3ee27d96a9;17;Tiago Pereira;4200;a128c61b-dcf9-4dd7-9505-53d32396646f;20;Mercedes-Benz Actros (Carreta);E;33491aba-1551-4436-bb76-1d93d28af95a;13/10/2025;13;10;2025;4;October  ;Monday   ;286;Dia de Semana
c8e268c3-d47a-4ecf-90f4-9ddcf1cf6ae2;1bd49d4e-87dc-4aa3-b8ca-7a3ee27d96a9;77f42918-fb8d-4fb9-9e3d-dcbd087cfc9b;c485616f-5c0c-4df9-80a0-5206513d70c0;30/09/2025 13:00;30/09/2025 14:00;Reprovado;c8e268c3-d47a-4ecf-90f4-9ddcf1cf6ae2;181;Cauã Reymond;caua.r@example.com;21981231139;14/08/2000;Laranjeiras;Rio de Janeiro;RJ;Largo do Machado;1bd49d4e-87dc-4aa3-b8ca-7a3ee27d96a9;17;Tiago Pereira;4200;77f42918-fb8d-4fb9-9e3d-dcbd087cfc9b;11;Scania R450 (Carreta);E;c485616f-5c0c-4df9-80a0-5206513d70c0;30/09/2025;30;9;2025;3;September;Tuesday  ;273;Dia de Semana
c8e268c3-d47a-4ecf-90f4-9ddcf1cf6ae2;1bd49d4e-87dc-4aa3-b8ca-7a3ee27d96a9;77f42918-fb8d-4fb9-9e3d-dcbd087cfc9b;33491aba-1551-4436-bb76-1d93d28af95a;13/10/2025 08:00;13/10/2025 11:00;Reprovado;c8e268c3-d47a-4ecf-90f4-9ddcf1cf6ae2;181;Cauã Reymond;caua.r@example.com;21981231139;14/08/2000;Laranjeiras;Rio de Janeiro;RJ;Largo do Machado;1bd49d4e-87dc-4aa3-b8ca-7a3ee27d96a9;17;Tiago Pereira;4200;77f42918-fb8d-4fb9-9e3d-dcbd087cfc9b;11;Scania R450 (Carreta);E;33491aba-1551-4436-bb76-1d93d28af95a;13/10/2025;13;10;2025;4;October  ;Monday   ;286;Dia de Semana
430becfa-27c4-4fd3-bb2e-15c2d45f8873;f8cec3ee-73f4-4772-92cb-e7313a65ba40;c6cf0c0a-0493-410a-925e-f8c87e171e57;ed0c1478-7f18-48b1-bd17-82c5553f1cf0;24/10/2025 10:00;24/10/2025 11:00;Reprovado;430becfa-27c4-4fd3-bb2e-15c2d45f8873;185;Gabriel Jesus;g.jesus@example.com;21981231143;03/04/2002;Laranjeiras;Rio de Janeiro;RJ;Rua Alice;f8cec3ee-73f4-4772-92cb-e7313a65ba40;18;Fernanda Costa;3800;c6cf0c0a-0493-410a-925e-f8c87e171e57;15;Honda CG 160 (Vermelha);A;ed0c1478-7f18-48b1-bd17-82c5553f1cf0;24/10/2025;24;10;2025;4;October  ;Friday   ;297;Dia de Semana
430becfa-27c4-4fd3-bb2e-15c2d45f8873;f8cec3ee-73f4-4772-92cb-e7313a65ba40;c6cf0c0a-0493-410a-925e-f8c87e171e57;d76c316d-2b9b-4caf-b23a-6b1ead203aa4;24/10/2025 10:00;24/10/2025 11:00;Reprovado;430becfa-27c4-4fd3-bb2e-15c2d45f8873;185;Gabriel Jesus;g.jesus@example.com;21981231143;03/04/2002;Laranjeiras;Rio de Janeiro;RJ;Rua Alice;f8cec3ee-73f4-4772-92cb-e7313a65ba40;18;Fernanda Costa;3800;c6cf0c0a-0493-410a-925e-f8c87e171e57;15;Honda CG 160 (Vermelha);A;d76c316d-2b9b-4caf-b23a-6b1ead203aa4;24/10/2025;24;10;2025;4;October  ;Friday   ;297;Dia de Semana
f45d95b4-4ca7-4404-9074-9d44b561ca51;f8cec3ee-73f4-4772-92cb-e7313a65ba40;ae9eeb1a-834b-49f6-86e3-ee1cdf214bf1;f21b2bef-2a8c-427f-8644-3c3ebe89711e;03/10/2025 10:00;03/10/2025 11:00;Aprovado;f45d95b4-4ca7-4404-9074-9d44b561ca51;162;Daniel Oliveira;daniel.o@example.com;21981231120;29/06/2005;Laranjeiras;Rio de Janeiro;RJ;Rua Paissandu;f8cec3ee-73f4-4772-92cb-e7313a65ba40;18;Fernanda Costa;3800;ae9eeb1a-834b-49f6-86e3-ee1cdf214bf1;3;Honda CG 160;A;f21b2bef-2a8c-427f-8644-3c3ebe89711e;03/10/2025;3;10;2025;4;October  ;Friday   ;276;Dia de Semana
11a59511-d8b4-4c86-8de2-6b3f0a6eac11;f8cec3ee-73f4-4772-92cb-e7313a65ba40;ef390f9e-a9d0-4f9c-b313-f597f441fc9f;f79f3006-3273-4ec9-a196-a59d26c317f7;01/10/2025 11:00;01/10/2025 12:00;Reprovado;11a59511-d8b4-4c86-8de2-6b3f0a6eac11;161;Vitória Dias;vitoria.dias@example.com;21981231119;14/02/2006;Laranjeiras;Rio de Janeiro;RJ;Rua General Glicério;f8cec3ee-73f4-4772-92cb-e7313a65ba40;18;Fernanda Costa;3800;ef390f9e-a9d0-4f9c-b313-f597f441fc9f;16;Fiat Uno 2022;B;f79f3006-3273-4ec9-a196-a59d26c317f7;01/10/2025;1;10;2025;4;October  ;Wednesday;274;Dia de Semana
623c370b-62bd-4879-827d-20492c48ba2e;f8cec3ee-73f4-4772-92cb-e7313a65ba40;554c3698-5c63-46d0-a89f-a5585641f4be;5a662669-150d-4dbf-a2f7-f75d499b5d72;10/10/2025 10:00;10/10/2025 11:00;Aprovado;623c370b-62bd-4879-827d-20492c48ba2e;170;Amanda Ribeiro;amanda.r@example.com;21981231128;11/09/2005;Glória;Rio de Janeiro;RJ;Avenida Infante Dom Henrique;f8cec3ee-73f4-4772-92cb-e7313a65ba40;18;Fernanda Costa;3800;554c3698-5c63-46d0-a89f-a5585641f4be;8;Yamaha Fazer 250;A;5a662669-150d-4dbf-a2f7-f75d499b5d72;10/10/2025;10;10;2025;4;October  ;Friday   ;283;Dia de Semana
a140766d-2864-454a-aa4a-56d1f4a0355a;f8cec3ee-73f4-4772-92cb-e7313a65ba40;a589b5e8-5cbf-4164-8ca5-15a204873d5c;53cfdc32-472e-4ddc-8533-2261856ed2f7;22/10/2025 09:00;22/10/2025 10:00;Reprovado;a140766d-2864-454a-aa4a-56d1f4a0355a;174;Natália Correia;natalia.c@example.com;21981231132;08/12/2005;Glória;Rio de Janeiro;RJ;Rua do Russel;f8cec3ee-73f4-4772-92cb-e7313a65ba40;18;Fernanda Costa;3800;a589b5e8-5cbf-4164-8ca5-15a204873d5c;1;Volkswagen Gol 2023;B;53cfdc32-472e-4ddc-8533-2261856ed2f7;22/10/2025;22;10;2025;4;October  ;Wednesday;295;Dia de Semana
a140766d-2864-454a-aa4a-56d1f4a0355a;f8cec3ee-73f4-4772-92cb-e7313a65ba40;a589b5e8-5cbf-4164-8ca5-15a204873d5c;39866f0f-8762-4aaf-a91a-6f1cec49309f;22/10/2025 09:00;22/10/2025 10:00;Reprovado;a140766d-2864-454a-aa4a-56d1f4a0355a;174;Natália Correia;natalia.c@example.com;21981231132;08/12/2005;Glória;Rio de Janeiro;RJ;Rua do Russel;f8cec3ee-73f4-4772-92cb-e7313a65ba40;18;Fernanda Costa;3800;a589b5e8-5cbf-4164-8ca5-15a204873d5c;1;Volkswagen Gol 2023;B;39866f0f-8762-4aaf-a91a-6f1cec49309f;22/10/2025;22;10;2025;4;October  ;Wednesday;295;Dia de Semana
430becfa-27c4-4fd3-bb2e-15c2d45f8873;f8cec3ee-73f4-4772-92cb-e7313a65ba40;c6cf0c0a-0493-410a-925e-f8c87e171e57;0fe0d0e2-9f2d-49f3-af47-a4b29f764ff1;24/10/2025 10:00;24/10/2025 11:00;Reprovado;430becfa-27c4-4fd3-bb2e-15c2d45f8873;185;Gabriel Jesus;g.jesus@example.com;21981231143;03/04/2002;Laranjeiras;Rio de Janeiro;RJ;Rua Alice;f8cec3ee-73f4-4772-92cb-e7313a65ba40;18;Fernanda Costa;3800;c6cf0c0a-0493-410a-925e-f8c87e171e57;15;Honda CG 160 (Vermelha);A;0fe0d0e2-9f2d-49f3-af47-a4b29f764ff1;24/10/2025;24;10;2025;4;October  ;Friday   ;297;Dia de Semana
cceaec43-8ce1-4f1e-9f31-313fe7f73738;de5d7dc9-c392-4e93-956b-1c1b8836232d;d9758240-c42e-4aee-a7db-4165585c6f14;ed0c1478-7f18-48b1-bd17-82c5553f1cf0;24/10/2025 11:00;24/10/2025 12:00;Reprovado;cceaec43-8ce1-4f1e-9f31-313fe7f73738;187;Ícaro Silva;icaro.silva@example.com;21981231145;17/09/2005;Laranjeiras;Rio de Janeiro;RJ;Rua Professor Estelita Lins;de5d7dc9-c392-4e93-956b-1c1b8836232d;19;Lucas Gabriel Alves;3800;d9758240-c42e-4aee-a7db-4165585c6f14;18;Yamaha NMAX 160;A;ed0c1478-7f18-48b1-bd17-82c5553f1cf0;24/10/2025;24;10;2025;4;October  ;Friday   ;297;Dia de Semana
cceaec43-8ce1-4f1e-9f31-313fe7f73738;de5d7dc9-c392-4e93-956b-1c1b8836232d;d9758240-c42e-4aee-a7db-4165585c6f14;d76c316d-2b9b-4caf-b23a-6b1ead203aa4;24/10/2025 11:00;24/10/2025 12:00;Aprovado;cceaec43-8ce1-4f1e-9f31-313fe7f73738;187;Ícaro Silva;icaro.silva@example.com;21981231145;17/09/2005;Laranjeiras;Rio de Janeiro;RJ;Rua Professor Estelita Lins;de5d7dc9-c392-4e93-956b-1c1b8836232d;19;Lucas Gabriel Alves;3800;d9758240-c42e-4aee-a7db-4165585c6f14;18;Yamaha NMAX 160;A;d76c316d-2b9b-4caf-b23a-6b1ead203aa4;24/10/2025;24;10;2025;4;October  ;Friday   ;297;Dia de Semana
3a6160e7-7916-41bc-9000-4587ffd141c7;de5d7dc9-c392-4e93-956b-1c1b8836232d;ae9eeb1a-834b-49f6-86e3-ee1cdf214bf1;39866f0f-8762-4aaf-a91a-6f1cec49309f;22/10/2025 10:00;22/10/2025 11:00;Reprovado;3a6160e7-7916-41bc-9000-4587ffd141c7;177;Lucas Gabriel;lucas.g@example.com;21981231135;27/09/2006;Catete;Rio de Janeiro;RJ;Rua Bento Lisboa;de5d7dc9-c392-4e93-956b-1c1b8836232d;19;Lucas Gabriel Alves;3800;ae9eeb1a-834b-49f6-86e3-ee1cdf214bf1;3;Honda CG 160;A;39866f0f-8762-4aaf-a91a-6f1cec49309f;22/10/2025;22;10;2025;4;October  ;Wednesday;295;Dia de Semana
3a6160e7-7916-41bc-9000-4587ffd141c7;de5d7dc9-c392-4e93-956b-1c1b8836232d;ae9eeb1a-834b-49f6-86e3-ee1cdf214bf1;53cfdc32-472e-4ddc-8533-2261856ed2f7;22/10/2025 10:00;22/10/2025 11:00;Reprovado;3a6160e7-7916-41bc-9000-4587ffd141c7;177;Lucas Gabriel;lucas.g@example.com;21981231135;27/09/2006;Catete;Rio de Janeiro;RJ;Rua Bento Lisboa;de5d7dc9-c392-4e93-956b-1c1b8836232d;19;Lucas Gabriel Alves;3800;ae9eeb1a-834b-49f6-86e3-ee1cdf214bf1;3;Honda CG 160;A;53cfdc32-472e-4ddc-8533-2261856ed2f7;22/10/2025;22;10;2025;4;October  ;Wednesday;295;Dia de Semana
cceaec43-8ce1-4f1e-9f31-313fe7f73738;de5d7dc9-c392-4e93-956b-1c1b8836232d;d9758240-c42e-4aee-a7db-4165585c6f14;0fe0d0e2-9f2d-49f3-af47-a4b29f764ff1;24/10/2025 11:00;24/10/2025 12:00;Reprovado;cceaec43-8ce1-4f1e-9f31-313fe7f73738;187;Ícaro Silva;icaro.silva@example.com;21981231145;17/09/2005;Laranjeiras;Rio de Janeiro;RJ;Rua Professor Estelita Lins;de5d7dc9-c392-4e93-956b-1c1b8836232d;19;Lucas Gabriel Alves;3800;d9758240-c42e-4aee-a7db-4165585c6f14;18;Yamaha NMAX 160;A;0fe0d0e2-9f2d-49f3-af47-a4b29f764ff1;24/10/2025;24;10;2025;4;October  ;Friday   ;297;Dia de Semana
331c0a81-99a7-40d0-a2a4-637ed36bdb08;de5d7dc9-c392-4e93-956b-1c1b8836232d;d8ac0d6c-daae-4e63-aa86-341e44f5ff4a;200f774a-0123-4e19-998e-e0527da04cd0;04/10/2025 10:00;04/10/2025 11:00;Reprovado;331c0a81-99a7-40d0-a2a4-637ed36bdb08;165;Renan Ferreira;renan.f@example.com;21981231123;09/04/2002;Flamengo;Rio de Janeiro;RJ;Rua Almirante Tamandaré;de5d7dc9-c392-4e93-956b-1c1b8836232d;19;Lucas Gabriel Alves;3800;d8ac0d6c-daae-4e63-aa86-341e44f5ff4a;9;Honda PCX 150 (Scooter);A;200f774a-0123-4e19-998e-e0527da04cd0;04/10/2025;4;10;2025;4;October  ;Saturday ;277;Fim de Semana
